Player,Pitches,Appearances,Stuff+,Location+,Pitching+,CSW%,xwOBAcon,Z-Whiff%,Chase%
Jack Mayfield,3,1,212.9,86.8,128.6,33.3,0.188,NA,33.3
Josh Reddick,1,1,166.1,54,67.7,0,NA,NA,0
Mike Freeman,4,1,165.8,92.8,123.6,75,NA,NA,0
Andres Munoz,17,1,153.9,85.4,94.8,35.3,0.218,0,7.7
Stevie Wilkerson,12,1,142,88.9,94.2,25,0.592,33.3,42.9
Brett Phillips,1,1,139.2,90,83.6,0,NA,NA,0
Marwin Gonzalez,8,1,136.4,83.6,160.6,0,0.052,NA,42.9
Jacob deGrom,1226,15,133.6,105.5,116.8,35.9,0.316,46,30.6
Andrew Vasquez,27,2,130.4,92.1,109.2,33.3,0.156,40,16.7
Kaleb Ort,12,1,128.3,93.2,101.8,16.7,0.45,33.3,0
Blake Treinen,1088,72,127.4,102.9,110.2,29.1,0.286,27.7,24.3
Chaz Roe,22,1,127.3,95.7,106,31.8,NA,NA,20
Jake Cousins,532,30,127.3,95.3,109.2,37,0.36,38.3,25.1
Adam Cimber,1016,72,126.9,102.5,111.9,26,0.31,27.3,21.8
Corbin Burnes,2593,28,126.1,104.4,109.5,33.8,0.3,32.1,26.6
Jonathan Arauz,7,1,124.7,93.1,-3.8,14.3,NA,0,40
Nick Snyder,59,4,124.2,87.9,99.6,22,0.318,35.7,9.7
Tejay Antone,527,23,123.2,99.8,111.2,38,0.361,39.1,19.2
Gerrit Cole,2969,30,123.1,104.4,111.7,32.1,0.379,38.9,23.5
Liam Hendriks,1104,68,123,105.7,114.3,29.8,0.361,45.4,29.4
Spencer Strider,37,2,122.6,100,102.7,16.2,0.281,0,26.1
Ryan Pressly,943,64,122.4,106.9,111,33.4,0.339,26.2,26.8
Yohan Ramirez,436,25,121.7,89,103.2,33.3,0.319,39,22.3
Paul Sewald,1086,61,121.6,104.4,113.6,34,0.39,50,23.8
Tyler Rogers,1112,80,121.3,95.4,112.5,26.6,0.281,21.5,19.6
Aaron Loup,831,65,121.1,101.8,107.7,30.8,0.315,25.5,19
Matt Bush,69,4,120.7,87.5,92.2,30.4,0.395,20,21.3
Andrew Knapp,4,1,120.5,76.3,98.5,0,0.12,0,0
Brusdar Graterol,522,34,120.2,105.1,106.7,26.1,0.33,23.5,21.8
Josh Hader,916,59,119.6,101.3,108.2,35.6,0.339,56.2,26.6
Craig Kimbrel,986,62,119.6,100.2,109.5,35.7,0.346,45.3,24.8
Trevor Bauer,1670,16,119.5,99.5,107.6,30.8,0.378,32.1,21.3
Chad Green,1309,67,119.5,106.3,112.3,29.9,0.375,45,23
Devin Williams,976,57,119.5,98.6,108.2,35.2,0.334,56.1,25.8
Jordan Romano,1030,62,119.3,98.5,107.7,29.9,0.31,40.1,22.1
Ryan Thompson,481,36,118.7,101.1,107.8,32.2,0.382,31.9,23.1
Adam Conley,296,17,118.6,100.5,103.3,29.1,0.3,27.3,27.2
Emmanuel Clase,1039,70,118.3,104,111,30.3,0.282,31,29.4
Andrew Kittredge,980,57,117,107.4,112,31.8,0.339,27,30.1
Aroldis Chapman,1003,61,116.9,93.4,103.3,33.4,0.43,52.8,20.8
Stephen Ridings,74,5,116.9,95.3,104.8,37.8,0.371,35.7,26.2
Nate Pearson,301,12,116.8,91.4,94.8,31.2,0.315,34.1,18
Shane Baz,198,3,116.3,104.8,110.1,30.8,0.357,57.5,22.9
Luis Gil,527,6,116.3,98.6,104.4,27.5,0.345,41.6,17.7
Tyler Glasnow,1336,14,116.1,101.4,108.7,33.7,0.353,36.3,24.4
Anthony Castro,451,25,116.1,93.1,101.5,29.7,0.383,30,21.8
Anthony Gose,115,6,115.8,94.6,105,27.8,0.221,58.8,22.2
Anthony Bender,973,60,115.4,97.6,102.3,35.5,0.327,21.4,22.3
Raisel Iglesias,1051,65,115.1,107.6,110.8,36.9,0.364,49.8,28.2
Michael Kopech,1125,43,114.9,104.3,111,33.2,0.358,43.6,20.9
Tanner Scott,1032,62,114.8,91,100.7,31.1,0.377,27.5,22.9
Clay Holmes,1122,69,114.8,100,105.7,32.8,0.295,26.4,17.8
Jimmy Nelson,522,28,114.7,91.2,102.5,33.3,0.258,42.2,22.3
Julian Fernandez,117,6,114.4,97.2,99.5,25.6,0.342,19.2,18.2
Brooks Kriske,194,12,114.3,85.6,94.7,23.7,0.378,28.1,25.6
Dustin May,366,5,114.2,103.4,111,33.9,0.399,36.5,20.5
Collin McHugh,971,37,114.1,104.6,111,33.7,0.309,35.3,22.9
Daniel Hudson,846,53,113.6,103.9,107.3,28.4,0.392,41.9,24
Patrick Weigel,93,3,113.6,86.6,99.6,32.3,0.425,37.5,12.7
Pierce Johnson,1010,62,113.5,102.1,103.9,32.1,0.368,29.1,21.1
Sergio Romo,1041,66,113.3,97.6,107.5,30.9,0.332,29.1,23.2
Ryne Harper,510,34,113.2,98.9,103.4,30.8,0.325,25.8,16.8
Luis Patino,1364,19,113.1,102.1,106.6,24.7,0.37,33.1,21.3
Luke Jackson,1054,71,113.1,95.3,104,27.7,0.371,30,22.9
Dylan Cease,2948,32,113,97.2,104.9,30.3,0.373,41.2,22.6
James Karinchak,1006,59,113,96.7,103.4,29.6,0.365,46,18.1
Evan Phillips,244,8,112.8,108.5,112.4,27.9,0.375,28.9,20.7
Walker Buehler,3146,33,112.7,104.3,108.8,29.8,0.331,28.2,21.6
Ryne Stanek,1156,72,112.6,96.1,101.6,27.6,0.371,39,20.3
Julian Merryweather,217,13,112.6,99.4,107.7,30,0.398,26.1,14.9
Gregory Soto,1129,62,112.5,95.5,101.9,30.6,0.326,33.3,20.8
Charlie Morton,2987,33,112.5,101,105.5,30.9,0.34,29.2,21.2
Stephen Gonsalves,82,3,112.4,93.3,97.7,23.2,0.181,33.3,22
Giovanny Gallegos,1233,73,112.4,100,104.3,30.8,0.35,31.1,27.6
Joe Musgrove,2936,32,112.3,100.3,106.7,31.6,0.374,28,23.4
Matt Wisler,782,48,112.2,104.3,106.2,35.3,0.33,34.6,21.4
Edwin Diaz,999,63,112.1,97.2,102.2,31.1,0.307,38.9,24
Joe Barlow,455,31,112,101.5,106.1,27.7,0.322,33.8,21.4
Aaron Bummer,944,61,111.9,97.6,101.7,32.8,0.296,25.2,21.5
Jonathan Loaisiga,1083,57,111.8,106,111,28.9,0.254,31.5,26.4
Yu Darvish,2764,30,111.7,101.5,107.5,30.3,0.356,31.4,20.2
Joely Rodriguez,754,51,111.7,100.2,105,30.1,0.344,29.4,26.6
John Schreiber,56,1,111.6,99.9,104.8,28.6,0.486,40,23.5
Sam Coonrod,712,42,111.6,102.8,105.1,27.2,0.35,33.6,21.1
Gabe Klobosits,194,11,111.5,99.1,98.1,22.2,0.27,18.9,19
Dylan Coleman,109,5,111.5,99.4,99.2,22.9,0.287,52.2,14.8
A.J. Minter,876,61,111.3,100.2,104.3,30.8,0.308,34.1,22.8
Jorge Alcala,869,59,111.2,104.1,106.2,28.9,0.373,36.5,24.8
Jake Diekman,1087,66,110.9,95.8,101.6,30.8,0.409,40.1,20.7
Emilio Pagan,1098,67,110.7,102,103.8,26.8,0.415,41.3,21.6
Pete Fairbanks,766,47,110.7,97.8,107.4,30.2,0.32,40.8,20
Freddy Peralta,2229,27,110.7,98.6,106.2,31.2,0.314,41.4,21
Jordan Hicks,200,10,110.6,92.9,99.8,24,0.224,31.8,16
Heath Hembree,1088,60,110.5,101.7,106.7,28.8,0.361,38.7,19.6
Eduard Bazardo,52,2,110.5,104.6,103.8,30.8,0.218,0,31.2
Shohei Ohtani,2021,23,110.5,97.7,102.7,28.7,0.344,32.7,19.9
Kendall Graveman,858,53,110.4,97.2,102.6,28.6,0.341,27.2,21.8
Luis GarcIa,501,34,110.3,99.3,104,32.1,0.343,31.5,22.1
Enoli Paredes,252,12,110.3,84.5,92.3,25.4,0.387,43.5,14.4
Adam Ottavino,1142,69,110.1,95.4,104.3,31.9,0.322,28.7,17.3
Zach Pop,934,50,110.1,96,101.5,26.3,0.322,25,22.8
Hirokazu Sawamura,939,55,109.8,89.4,94.7,27.7,0.374,35.1,25.4
Alex Vesia,641,41,109.8,99.9,105.6,32.1,0.317,54.5,21.4
Julio Urias,2784,32,109.7,107.8,109.8,29.8,0.339,29.1,22.1
Corey Knebel,397,27,109.7,101.8,108.2,29.5,0.34,43,16.3
Drew Rasmussen,1201,35,109.7,102.9,107.8,29.1,0.348,29.6,18.7
Logan Webb,2196,27,109.7,102.1,104.9,31.1,0.337,23.2,25.8
Nick Sandlin,601,34,109.7,96.2,102.1,32.4,0.298,36.2,20.2
Carlos Rodon,2218,24,109.5,101.8,103.9,30.4,0.339,41.1,22.5
Jay Jackson,391,23,109.5,97.8,102,30.2,0.397,32.7,18.8
Luis Severino,98,4,109.4,103,108.8,28.6,0.275,46.2,20.9
Sandy Alcantara,3092,33,109.4,104.3,105.8,27.9,0.342,30.7,25.3
Max Scherzer,2785,30,109.4,102.9,105.8,31.7,0.361,40.5,23.1
Lucas Luetge,1236,57,109.4,95.9,104.3,25.1,0.349,27.9,22.6
Bryan Shaw,1364,80,109.3,96.2,99.6,25,0.358,27.8,18.8
J.P. Feyereisen,966,54,109.3,97.4,103.6,28.1,0.323,43.8,25.2
Devin Smeltzer,52,1,109.2,92.2,87.1,26.9,0.291,36.4,25.9
Keynan Middleton,526,32,109.2,100.2,104.3,25.9,0.353,40.8,25.1
Kyle Crick,434,27,109.2,86.4,99.3,26.7,0.305,29.2,20.7
Mitch Moreland,4,1,109.1,127.7,114,0,0.163,0,0
Tyler Wells,894,44,109.1,106.2,107.3,27,0.381,37.6,22.7
Jose Ruiz,1036,59,109.1,102.6,102.5,27.6,0.377,27.6,18.3
Tanner Rainey,664,38,109,95.9,100.2,29.8,0.391,46.2,21.9
Brandon Woodruff,2799,30,109,107.1,108.7,30,0.359,39.6,22.2
Brooks Raley,865,58,109,99.6,102.1,30.5,0.4,36,22
Bryan Abreu,689,31,109,92.6,99.8,27.1,0.368,31.4,22.6
Preston Guilmet,29,2,109,104.6,98,34.5,0.573,0,36.8
Matt Barnes,918,60,108.9,103,107.6,33.9,0.358,34.9,24.7
Josh Sborz,1077,63,108.8,93.8,100.5,27.9,0.354,34.8,24.6
Phil Bickford,775,57,108.8,105.5,109.6,30.2,0.35,33.5,20.9
Trevor May,1117,68,108.7,102.1,106.2,29.7,0.342,41.1,21.8
Steven Okert,601,34,108.7,97.3,104.4,29.1,0.318,41.7,20.2
Lucas Sims,814,47,108.6,99.4,102,34.6,0.346,37.9,23.7
Josh Taylor,789,61,108.6,97.2,99.6,29.7,0.393,33.6,24.3
Tanner Houck,1135,18,108.5,98.8,102.5,30.1,0.347,31,22.5
Chris Devenski,145,8,108.4,92.7,105.7,29,0.541,25.9,18.7
Clayton Kershaw,1802,22,108.4,100.7,102,32.9,0.362,30.4,27.3
Brady Lail,28,2,108.3,92.7,105.5,35.7,0.316,37.5,33.3
Reyes Moronta,47,4,108.2,94.9,101.3,19.1,0.281,0,14.8
Jeurys Familia,1015,65,108.2,100.1,99.7,29.5,0.355,25.8,22.5
Tim Hill,945,77,108.2,103.9,104.2,27.9,0.334,32.8,19.3
Joe Kelly,703,48,108.2,100.1,100.9,33.6,0.328,23.4,21.2
Jacob Barnes,570,29,108.1,101.4,102.6,26.8,0.384,27.8,20.7
Zac Gallen,2101,23,108,102.7,103.7,27,0.366,23.4,18.1
Tyler Matzek,1064,69,108,96.9,102.3,25.8,0.3,38.7,17.6
David Bednar,930,61,107.8,104,108.9,31,0.325,41.2,23.2
Albert Abreu,642,28,107.8,98.1,97.9,28,0.376,31.9,20.7
Greg Holland,996,57,107.8,95.4,100.5,27.4,0.413,30.1,22
Taylor Rogers,641,40,107.5,104.3,105.9,34,0.362,35.8,23.4
Drew Pomeranz,428,27,107.5,102.8,106.9,31.8,0.347,41,15.5
Dauri Moreta,57,4,107.4,102.9,110.3,19.3,0.306,10,16.7
Garrett Crochet,913,54,107.4,97,100.9,29,0.336,31.2,18.3
A.J. Puk,243,12,107.3,97.3,100.2,26.7,0.366,26.7,17.3
Dylan Floro,1074,68,107.2,106.5,105.4,27.2,0.334,33.1,22.1
James Paxton,23,1,106.9,106.7,106.4,26.1,0.12,100,31.2
Louis Head,546,27,106.8,99.6,105,25.8,0.298,28,20.7
Rich Hill,2456,32,106.7,99.6,105.5,30.5,0.369,26.4,18.7
Shane McClanahan,1949,25,106.7,101.6,105.7,31.6,0.418,27.5,25.7
Austin Adams,961,65,106.7,83.5,98,32.7,0.318,32.5,19.5
DJ Johnson,71,4,106.6,102.3,108.4,32.4,0.447,50,15.8
Kenley Jansen,1057,69,106.6,101.1,105.6,32,0.305,45.9,23.8
Zack Wheeler,3193,32,106.5,105.2,109.5,28,0.327,32.6,22.3
Juan Minaya,659,29,106.5,92.2,96.1,24,0.311,33.3,20.1
John Means,2327,26,106.5,103.9,106.5,26.8,0.374,37.3,20.9
Joey Krehbiel,133,6,106.5,104.8,101.6,22.6,0.28,30.4,17.1
Diego Castillo,932,61,106.4,101.2,105.5,32.3,0.328,28.1,25.1
Nick Pivetta,2744,31,106.4,100.7,104.7,27.1,0.357,29.8,18.9
Ryan Borucki,367,24,106.4,95.3,98.8,30.8,0.343,23.4,22.2
Kyle Nelson,176,10,106.4,88,93.7,31.2,0.317,30.3,20.4
Adam Wainwright,3040,32,106.3,104,104.9,29.8,0.345,15.9,20.3
Austin Voth,1020,49,106.2,101.5,103,25.7,0.451,30.2,19.9
Scott Barlow,1221,71,105.9,98.2,100.9,33.1,0.355,26.4,26.4
Jeremy Beasley,198,8,105.9,90.3,94.7,27.8,0.402,54.8,22
Jose Berrios,3033,32,105.9,103.4,103.1,29.2,0.385,27.8,21
Robert Stephenson,765,49,105.9,97.7,100.7,30.2,0.364,30.1,19.2
Miguel Castro,1227,69,105.7,93.3,102.8,30.2,0.34,37.6,22
Brent Suter,1213,61,105.7,103.7,103.1,24.6,0.341,18.5,20.4
Sonny Gray,2194,26,105.7,99.2,101.2,30,0.327,22.6,20.1
Nathan Eovaldi,2924,32,105.6,106.7,106.1,29.9,0.352,30.7,23.5
Frankie Montas,3022,32,105.6,103.3,104.7,29.3,0.381,32.8,24
Garrett Cleavinger,356,22,105.6,94.8,98.3,33.1,0.374,14.6,19.6
Michael Fulmer,1182,52,105.5,99.2,101,27.7,0.361,30,22.9
Tommy Nance,456,27,105.5,98.2,95.6,31.4,0.385,21.6,19.8
Trevor Stephan,1210,43,105.5,101.7,102.2,27.9,0.428,40.5,18.3
Ryan Sherriff,278,16,105.5,92.1,98.8,28.4,0.302,25,16.6
Jimmie Sherfy,230,14,105.4,98.7,98.5,33.5,0.342,21.6,22
Manny Barreda,48,3,105.3,107.3,104.6,22.9,0.491,33.3,11.5
Hector Neris,1241,74,105.3,101.1,103,32,0.322,42.2,23.1
Mark Melancon,1031,63,105.3,105.7,103.1,27.5,0.371,21.9,18.8
Cooper Criswell,41,1,105.3,87.5,86.4,14.6,0.386,0,9.1
Romy Gonzalez,4,1,105.3,98.1,9.5,50,NA,100,33.3
Tim Mayza,840,61,105.2,100.6,101.6,29.3,0.326,23.4,21.4
Yacksel Rios,457,23,105.2,92,100.8,26.7,0.338,23.8,21.1
Noe Ramirez,579,38,105.2,99,100.6,28.5,0.272,28.1,20.7
Brandon Dickson,35,2,105.1,99.8,99.5,28.6,0.446,14.3,23.8
Seth Martinez,63,3,105.1,100.9,85.9,28.6,0.449,41.7,11.8
Roansy Contreras,46,1,105,98.7,102.1,28.3,0.347,33.3,15.4
Cole Sulser,1069,60,104.9,102.6,105.2,28.9,0.33,39,24.3
Art Warren,327,26,104.8,97.1,101,30.9,0.276,52.5,25.9
J.D. Hammer,405,20,104.8,97.7,96.7,28.1,0.324,30.4,17.9
Andrew Bellatti,83,3,104.7,100.3,100.7,24.1,0.456,33.3,29.8
Tony Watson,859,62,104.7,103.2,104,27.4,0.317,32.1,24.3
Bryan Baker,19,1,104.7,100.8,105.9,26.3,0.45,25,27.3
Darren O'Day,189,12,104.7,99.1,101.3,28,0.375,33.3,21.6
Genesis Cabrera,1185,71,104.7,98,101.4,26.2,0.33,34.2,19.3
Kevin Gausman,2993,33,104.7,103.7,106.4,31.1,0.375,36.8,25.6
JT Chargois,875,56,104.6,95.2,100.8,27.3,0.345,28.3,19.6
Yency Almonte,866,48,104.6,91,94.2,26.9,0.387,21.6,19.6
Connor Brogdon,922,56,104.6,101.1,102.6,24.9,0.299,41.7,23.1
Dinelson Lamet,832,22,104.5,99.7,103.7,30.8,0.369,30.6,24.8
Mitch White,761,21,104.3,103.2,104.5,27.1,0.351,27.3,19.6
Luis FrIas,68,3,104.3,89.1,94.4,26.5,0.312,25,15.4
Josh Staumont,1079,63,104.3,97.8,97.8,29,0.366,32.7,18.8
Erik Swanson,564,33,104.3,101.9,106.5,25.7,0.325,40,22.1
Mason Thompson,423,31,104.2,94.2,94.2,24.6,0.36,16.2,19.8
Darwinzon Hernandez,743,48,104.2,95.2,96.8,31,0.358,47.7,13.4
Matt Duffy,5,1,104.2,102.7,104.1,20,0.037,NA,20
Huascar Ynoa,1482,18,104.1,99.3,100.3,30.5,0.402,19.8,23.4
Camilo Doval,447,29,103.9,102.3,105,33.8,0.356,29.2,24.9
Amir Garrett,815,63,103.9,94.8,97.4,33.3,0.392,28.9,22.7
Spencer Turnbull,775,9,103.9,101.6,104,25.9,0.297,28.5,20.7
Stephen Tarpley,15,1,103.9,40.2,57.9,20,0.702,0,8.3
Cristian Javier,1784,36,103.8,95.7,97.5,27.6,0.409,40.8,18.1
Michael Lorenzen,480,27,103.8,101.2,100.4,27.7,0.31,25.3,24.7
Reynaldo Lopez,937,20,103.7,101.9,104,26.4,0.373,29.9,20.2
Jeff Hoffman,1350,31,103.7,94.1,97.8,27.3,0.362,31.5,19.6
Chris Ellis,481,7,103.6,98.9,98.2,25.8,0.379,31,19.6
Miguel Sanchez,469,28,103.6,98.9,99.3,24.3,0.398,29.6,23.7
Scott Effross,222,14,103.5,106.8,113.5,35.1,0.341,44.4,18.1
Mychal Givens,872,54,103.5,98.8,102.9,29.1,0.374,37.9,17.7
Dennis Santana,904,55,103.5,95.9,98.8,26.9,0.369,27,22.2
Shawn Armstrong,677,31,103.5,101.1,102.1,26.6,0.427,40.2,22.3
Marcus Stroman,2733,33,103.5,102.8,101,28.5,0.374,24.2,24
Caleb Baragar,353,25,103.5,95.7,98.5,24.6,0.311,31.9,16.8
Tyler Chatwood,591,32,103.4,92.5,95.6,27.7,0.359,24.3,20.8
Chad Kuhl,1428,28,103.4,90.9,93.5,27.9,0.35,29.4,15.5
Josh James,69,5,103.3,103.9,101.4,37.7,0.327,38.5,25
Richard Rodriguez,943,64,103.3,103.4,102.9,24.6,0.36,24.2,20.9
Joe Jimenez,866,52,103.3,96.1,98.5,27.5,0.309,38.6,19.2
Drew Smith,610,31,103.2,100.1,101.2,28.5,0.364,28.4,23.6
Shelby Miller,273,13,103.2,97.1,98.7,24.9,0.363,36.5,11.6
Deolis Guerra,1086,53,103.2,98.6,99.6,27.2,0.309,29.1,24.6
Corey Kluber,1332,16,103.2,99.9,102.8,29.3,0.356,25.1,23.3
Dominic Leone,847,57,103.2,97.9,100.8,28.2,0.315,27,23.3
Michael Rucker,490,20,103.1,98.6,101.7,28.2,0.43,31.5,22.7
Chris Mazza,413,14,103.1,99.9,99.8,27.8,0.34,22.4,25.8
Sean Doolittle,865,56,103.1,102.2,104.9,25.8,0.372,38.2,16.9
Alex Lange,639,36,103.1,90.5,96.6,29.3,0.443,25,25.4
Casey Sadler,579,42,103,97.9,100,31.1,0.28,20,23.2
Ian Kennedy,897,55,103,106.1,105.3,27.6,0.387,38.5,21.4
Miguel Yajure,239,4,103,99.1,96.7,25.5,0.481,14,19.4
Taylor Williams,219,11,103,91.9,95.4,25.1,0.329,20,19.5
Lance McCullers Jr.,2727,28,103,97.4,101.6,31.3,0.319,23.5,20.5
Andrew Miller,616,40,102.9,93.8,98.7,32.1,0.378,23.8,19.7
Hunter Strickland,980,57,102.9,98.5,103.5,27.9,0.341,37,19.2
Lance Lynn,2500,27,102.9,103.5,104,25.8,0.313,32.9,19.8
Justin Dunn,869,11,102.8,98,100.3,25.4,0.365,29.5,19.3
Daniel Bard,1209,67,102.8,95.9,96.7,29.9,0.359,35,18.8
Sean Manaea,2972,32,102.8,103.1,104.1,28.6,0.383,36.9,20.7
Griffin Jax,1393,18,102.8,98.8,100.2,25.6,0.398,19.8,19.2
Luis Garcia,2500,30,102.7,100.6,101.1,29.8,0.375,33.6,23.1
Jordan Sheffield,451,30,102.6,93.4,96.8,25.1,0.302,26.3,18.1
Logan Gilbert,2123,24,102.5,99.2,104.2,25.9,0.386,39.6,20.1
Edward Cabrera,476,7,102.5,90,95.9,26.1,0.48,33.3,18
Jorge Guzman,61,2,102.5,75,84.5,23,0.505,45.5,11.6
Derek Law,292,9,102.5,97.4,101.3,28.8,0.384,33.9,21.3
Tyler Zuber,484,30,102.4,95.3,96.6,24.8,0.446,39.7,19.5
Jose Cisnero,1067,67,102.4,98.4,99.5,26.7,0.343,37.1,14.3
Conner Greene,447,24,102.4,99.3,101.3,28.4,0.354,30.4,25.8
Jack Flaherty,1347,17,102.4,99.7,99.8,28.3,0.413,31.6,19.3
Alex Reyes,1241,69,102.3,93.6,96.9,29.8,0.321,36.8,21.9
Taylor Clarke,753,43,102.2,102.3,102,23.6,0.38,28.9,17.3
Chris Rodriguez,504,15,102.2,96.2,98.1,30.2,0.289,20.3,19
Anthony Bass,951,70,102.2,98.1,100.6,31.5,0.377,22.5,21.2
Blake Snell,2343,27,102.2,97.1,99.2,29.3,0.427,32.9,21
Lucas Giolito,2964,31,102.1,102.8,105.2,29.8,0.353,39.3,22.7
Rafael Dolis,603,39,102.1,91.3,94.7,28.7,0.342,29.8,16.8
Cody Stashak,308,15,102,92.9,96.6,29.2,0.45,42.9,22
Grant Dayton,249,13,102,103.3,98.4,26.1,0.385,37.8,23.2
James Norwood,94,5,102,100.6,98,24.5,0.423,26.7,23.2
Kodi Whitley,401,25,102,98.1,100.2,26.2,0.319,42.5,22.8
Carson Fulmer,444,20,102,94,96.8,26.8,0.376,26.2,22.8
Edgar Santana,607,41,102,100.4,101.8,28.3,0.355,25.8,22.5
David Phelps,188,11,102,101.1,99.7,29.3,0.297,40.7,15.2
Trevor Rogers,2166,25,102,102.4,102.5,30.6,0.349,36.3,22.8
Yusei Kikuchi,2561,29,101.9,99.1,98.2,28.9,0.415,29.7,22.4
Danny Coulombe,526,29,101.9,96.4,97.4,25.5,0.348,21.4,21.8
Carlos Estevez,1005,64,101.8,98.3,96.8,25,0.367,33.3,17.6
Paul Fry,872,52,101.8,90.5,98.4,28.7,0.339,27.4,16.8
Seth Lugo,730,46,101.8,102.6,103.9,32.7,0.402,32.1,21.7
Eric Hanhold,188,10,101.7,93.6,98.5,25,0.405,23.8,17
Michael King,1007,22,101.7,101.9,103.7,28.8,0.384,31.8,19.2
Garrett Whitlock,1140,46,101.7,104.6,103.5,30.4,0.333,37.6,21.8
J.B. Wendelken,748,46,101.7,100,99.8,25.4,0.373,32.6,18.2
Andrew Heaney,2251,29,101.6,101.2,102.3,28.5,0.4,37.4,22.9
Alek Manoah,1843,20,101.6,98.4,100.6,28.4,0.324,37,20.8
Shane Bieber,1552,16,101.5,102,103.1,33.5,0.403,31.1,27.2
Corbin Martin,342,5,101.5,93.5,92.6,21.6,0.479,18.5,16.9
Rex Brothers,997,57,101.4,90,96.1,27.9,0.45,37.8,20.2
Harold Castro,1,1,101.4,120.9,124.8,100,NA,NA,0
Joe Smith,649,49,101.4,103.9,105.7,27.6,0.33,19.3,22
Anthony DeSclafani,2542,31,101.4,102.5,102.6,27.6,0.36,24.2,20.1
Tony Gonsolin,990,15,101.4,93.4,96.1,28.4,0.329,31.8,20
Lucas Gilbreath,731,47,101.4,94.1,98.8,28.5,0.303,32.6,19.2
Vince Velasquez,1750,25,101.3,99.1,99.5,26.9,0.407,35.9,17.1
Dillon Maples,563,28,101.3,82,91.3,30.4,0.32,27.1,16.2
Jose Urquidy,1630,20,101.3,106.5,107.1,28.4,0.36,32.3,21.4
Victor Gonzalez,555,44,101.3,96.9,100.3,28.6,0.353,19.2,26.2
John Curtiss,698,41,101.2,102.8,102.9,30.7,0.356,26.8,22.2
Drew Smyly,2135,29,101.2,103.6,97.9,28.1,0.403,25.6,23
Austin Warren,286,15,101.2,100.2,98.9,29.4,0.289,15.4,21.6
Domingo Tapia,516,34,101.1,99.8,99.9,26,0.33,16.7,19.2
Ryan Tepera,947,65,101.1,99.2,99.5,30.7,0.304,30.6,24.7
Jordan Holloway,661,13,101.1,95.6,96.5,29.5,0.315,27,17.3
Akeem Bostick,14,1,101.1,88.9,95.4,28.6,0.196,0,20
Drew Steckenrider,987,61,101.1,103.5,102.1,26.2,0.324,27.8,19.8
T.J. McFarland,511,38,101.1,98.1,96.2,21.3,0.321,11.6,22.1
Ryan Yarbrough,2480,30,101.1,105.6,100.7,27.2,0.37,26.6,23.9
Miguel Diaz,695,25,101.1,97.4,97.3,27.3,0.423,25,15.1
Yoan Lopez,212,13,101,94.5,95.7,26.4,0.481,20.5,22.7
Joe Biagini,41,1,101,78.1,83,29.3,0.204,33.3,25
Kervin Castro,201,10,100.9,99.2,102,32.8,0.368,31.7,27.1
Carlos Hernandez,1433,24,100.9,97.1,98.8,24.5,0.343,30.4,18.6
Daniel Zamora,65,4,100.9,95.9,85.6,29.2,0.341,20,26.8
Bryan Mitchell,66,2,100.8,107,99.5,27.3,0.313,40,21.1
Jandel Gustave,293,14,100.8,98.2,99.9,24.2,0.356,13.7,18.4
Madison Bumgarner,2284,26,100.8,101.8,100.1,28,0.363,24.6,19.5
Vladimir Gutierrez,1830,22,100.8,100.4,100.1,26.5,0.346,25.8,20.7
Jhonathan Diaz,237,3,100.8,96.4,98.9,25.7,0.372,20,17.3
Reiver Sanmartin,180,2,100.8,104.7,104,30.6,0.34,25.9,25.7
Tyler Clippard,410,26,100.7,96.4,95.8,24.4,0.403,30,16.7
Austin Gomber,1839,23,100.7,100,98.7,30.3,0.363,25.9,22.5
Elieser Hernandez,818,11,100.7,103.4,100.4,29,0.398,28.2,18.4
Sean Reid-Foley,371,12,100.6,98.8,100.5,28.8,0.399,33.3,16.5
Nick Mears,451,30,100.6,97.2,98.8,26.6,0.377,36.2,20.4
Touki Toussaint,819,11,100.6,93.7,95.8,28.3,0.401,22.3,17.9
Clarke Schmidt,143,2,100.6,91.4,96.4,23.1,0.309,10,21.8
Keegan Thompson,965,32,100.6,97.5,97.2,25.9,0.398,29.5,18.9
Adam Morgan,442,34,100.5,99.5,101.6,33,0.355,27.7,24.9
Chris Stratton,1374,68,100.5,100.7,100.4,29,0.354,25.1,22.2
Tyler Mahle,3186,33,100.5,103.6,103.1,29.3,0.355,35.8,20
Ryan Helsley,799,51,100.5,95.4,100.6,26.5,0.377,31.3,20.5
Hunter Wood,65,5,100.5,91.5,103.8,30.8,0.378,38.5,20
Angel Perdomo,352,19,100.5,91.9,94.1,31.2,0.455,52.7,12.4
Dietrich Enns,358,9,100.5,103.7,101.7,26,0.316,33.3,24.5
Sam Howard,845,54,100.4,94.3,96.4,32.1,0.363,42,20
Framber Valdez,2083,22,100.4,95.3,98.6,28.8,0.323,18.6,19.7
Pat Valaika,1,1,100.3,62.2,63.1,0,NA,NA,0
Hunter Harvey,139,9,100.3,103.6,97.3,23.7,0.328,10,18.5
Junior Fernandez,370,18,100.3,93.3,93.4,24.9,0.379,34.7,20.3
Jameson Taillon,2371,29,100.2,104.5,103.8,27.1,0.359,31.7,21.8
Keone Kela,202,12,100.2,105.3,101.1,31.7,0.383,25.8,17.7
Aaron Nola,2970,32,100.2,105.3,103.6,31.1,0.371,33.9,21.7
Caleb Thielbar,1102,59,100.1,104.6,104.4,28.8,0.387,39.4,21.3
Domingo German,1575,22,100,101.3,102.5,30.2,0.371,30,26.2
Jose Quijada,490,26,100,100.1,98.7,29.4,0.443,44.8,20
Chris Sale,735,9,99.9,103.5,102.3,30.6,0.358,38.3,21.6
Jordan Montgomery,2566,30,99.8,104.3,101.8,28.5,0.374,32.8,23.4
Taijuan Walker,2543,30,99.8,101.2,101.3,28.2,0.38,29.3,19
Joe Mantiply,615,56,99.8,103,98.3,32.8,0.357,31.4,27.1
German Marquez,2780,32,99.8,98.7,97,28.1,0.361,24.4,21.2
Andres Machado,626,40,99.7,99.3,96.9,26,0.319,27.6,17.5
Glenn Otto,448,6,99.7,103.7,100.8,27.9,0.424,34.2,19
Seth Elledge,221,11,99.7,92.7,92.1,27.6,0.375,33.3,15.7
Jarlin Garcia,985,58,99.7,102.4,101.9,29.8,0.341,25.9,18
Mike Mayers,1229,72,99.7,101.1,101.4,29.3,0.367,34.3,20.5
Phil Maton,1173,65,99.6,99.6,101.8,31.8,0.345,39.4,22.7
Luis Cessa,947,53,99.6,101.6,101.1,29.6,0.338,21.9,25.8
Raynel Espinal,36,1,99.6,87.9,88.2,8.3,0.317,33.3,22.7
Kwang-Hyun Kim,1781,27,99.6,97.7,97.8,26.4,0.348,21.9,19
Danny Duffy,1008,13,99.5,100.8,101.6,28.6,0.387,32.7,23.4
Spencer Patton,705,42,99.5,97.3,98.1,29.4,0.324,36,19.8
Tyler Duffey,1006,64,99.4,101.2,102.2,27.6,0.338,22.8,19.6
Chris Archer,327,6,99.4,99.8,102.7,28.1,0.453,29.2,17.4
Manuel Rodriguez,300,20,99.4,93.6,93.9,26.7,0.364,27.7,22.8
Trevor Megill,459,28,99.3,100.3,100.6,26.6,0.44,20.3,20.6
Dillon Tate,1041,62,99.2,100,100.2,28.2,0.323,23.2,19.4
Griffin Canning,1070,14,99.2,100.5,98,27.1,0.383,33.8,22
Hansel Robles,1167,71,99.2,97.9,98.2,26.2,0.391,35.9,17.5
Austin Slater,6,1,99.2,45.6,64.6,16.7,0.025,NA,20
Keegan Akin,1768,24,99.2,102,99.5,26.1,0.391,32.8,18
Brad Brach,579,35,99.2,98.6,98.9,29.4,0.379,38.3,19.4
Steve Cishek,1234,73,99.1,96.7,99.9,27.1,0.309,26.4,17.3
Paolo Espino,1734,35,99.1,102.2,103.7,27.7,0.398,19.2,22.2
Wander Suero,760,45,99.1,97.6,98.1,26.3,0.422,36.8,18.1
Elvis Peguero,64,3,99.1,91.2,82.2,17.2,0.299,0,8.1
Junior Guerra,1221,41,99.1,94.3,96,26.5,0.323,26.5,20.4
Tylor Megill,1554,18,99.1,102.7,104.2,26.8,0.37,34.3,19
Adbert Alzolay,1952,29,99,102,101.3,28.7,0.398,29.7,22.4
Wade Miley,2575,28,99,100.6,100.9,25.5,0.34,26.9,22.2
Patrick Murphy,486,25,99,94.7,93.2,25.5,0.39,21.4,19
Ryan Feltner,142,2,98.9,90.2,92.5,27.5,0.442,37,14.8
Sammy Long,730,12,98.9,98,99.2,26.4,0.349,24.1,18.8
Jose Alvarez,960,67,98.9,103.5,101.3,27.7,0.304,21.8,21.7
Luis Castillo,3151,33,98.9,102.1,99.3,27.6,0.335,33.5,23.2
Joakim Soria,603,41,98.9,100.4,101.8,27.9,0.365,33.3,23.9
Chris Martin,662,46,98.8,106.7,103,25.4,0.348,25.4,22
Damon Jones,11,1,98.8,71.1,63.2,0,0.406,0,0
James Hoyt,182,9,98.8,92.1,90,33.5,0.345,26.1,26.7
Steven Matz,2556,29,98.8,100.3,98.8,27.9,0.36,26.8,18
Justin Bruihl,254,21,98.8,97.2,101.2,23.6,0.314,19.6,21.9
Casey Mize,2355,30,98.7,98.7,100,26.9,0.381,25.1,19.5
Robbie Ray,3139,32,98.7,102.2,102.5,29.7,0.391,37.1,23.3
Josh Fleming,1628,26,98.7,103.1,100.7,23.7,0.355,16.1,23.6
Jorge Lopez,2166,33,98.7,99,99.9,26.4,0.394,22.3,18.1
Zack Littell,991,63,98.6,102.5,101.9,26.5,0.349,35.5,19.7
Caleb Smith,2065,45,98.6,96.4,95.1,27.6,0.352,38.1,18.2
Anthony Misiewicz,894,66,98.6,102.8,99.9,27.1,0.37,29.3,24.6
Dylan Lee,29,2,98.6,120.3,119,34.5,0.703,28.6,26.7
Jason Foley,198,11,98.6,89.1,87.1,22.7,0.325,27.6,13
Yimi Garcia,941,62,98.6,106.7,104.5,29.4,0.407,37.6,18.9
Brad Hand,1074,68,98.6,96.2,95.7,28,0.376,25,16.5
Pablo Lopez,1668,20,98.5,105.2,102.2,27.8,0.361,33.2,21.9
Tayler Saucedo,432,29,98.5,93.2,96.5,27.1,0.33,17.7,27.2
Angel Rondon,29,2,98.5,110.1,99.8,17.2,0.254,0,13.6
Jordan Weems,133,7,98.5,95.2,95.3,21.8,0.577,31.6,13.6
Colten Brewer,30,1,98.4,80.8,74.4,13.3,0.421,0,19
Zac Rosscup,48,4,98.4,84,89.8,27.1,0.538,33.3,20.7
Will Smith,1057,70,98.3,99.6,100.3,31.7,0.343,30.9,24.3
Jake Brentz,1098,72,98.3,91.2,96.8,29.3,0.367,38.1,19
Wade Davis,766,40,98.3,95.8,95.5,23,0.415,25.8,18.6
Lewis Thorpe,251,5,98.3,100.4,94,25.1,0.327,17.5,20
Cristopher Sanchez,211,7,98.2,94.5,90.1,27,0.283,24.2,22.9
Ramon Rosso,144,7,98.2,107.4,109.1,25.7,0.449,15,23.7
Johan Oviedo,1082,14,98.2,92.5,93.7,26.5,0.382,22.4,19.7
Ryan Burr,593,34,98.1,96.5,98.3,26.3,0.313,22.2,17.1
Cody Poteet,548,7,98.1,101.1,96.7,27.2,0.402,29.8,16.8
Mike Minor,2612,28,98.1,101.2,98.7,26.8,0.381,26.5,20.7
Burch Smith,678,31,98.1,100.7,101.4,25.1,0.353,27.9,16.6
Kyle Barraclough,268,10,98.1,100.8,101.8,29.9,0.373,45.2,16.8
Kyle Keller,652,32,98.1,102.1,98.6,25.6,0.364,27.9,18.6
Lou Trivino,1159,70,98.1,99.1,96.8,25.9,0.35,27.4,18.9
Ryan Brasier,197,13,98.1,100.6,98.4,26.9,0.325,25,20.9
Jeffrey Springs,749,43,98.1,102.4,102.3,33.1,0.394,40.5,24.4
Kyle Zimmer,930,52,98,93.9,98.6,26.6,0.365,29.6,18.1
Jacob Webb,566,34,98,100.6,98.3,28.8,0.359,38.7,23.8
Jose De Leon,347,9,98,95.8,96.1,33.4,0.489,41.7,20.3
Chris Paddack,1868,23,97.9,105.9,101.6,27.4,0.396,32.5,19.8
Daniel Norris,983,56,97.9,93.2,92,26.3,0.356,25.8,21.1
Kenta Maeda,1771,21,97.9,101,99.8,28.2,0.356,31,25.6
Max Kranick,674,9,97.8,99.3,98.7,24.2,0.347,33.1,21.9
Nate Jones,308,20,97.8,97.3,97.5,24,0.393,37.1,19.8
Kirby Snead,111,7,97.8,98.2,97.9,31.5,0.435,23.5,20.9
Jose Marte,84,4,97.8,90.8,98.9,22.6,0.462,33.3,15.1
Richard Lovelady,312,20,97.7,106.5,103.2,31.4,0.315,22,21.4
Nick Anderson,102,6,97.7,98.3,96.6,19.6,0.542,26.3,18.8
Tommy Hunter,107,4,97.7,98.4,98.4,20.6,0.299,5.9,16.4
Austin Pruitt,109,6,97.7,108.4,98.2,20.2,0.419,28,16.4
Rowan Wick,400,22,97.6,96.5,98.8,31.2,0.341,30.4,19.3
Triston McKenzie,1973,25,97.5,96.6,97.4,27.3,0.386,28.9,22.8
Taylor Hearn,1682,42,97.5,97.6,98.5,26.6,0.377,31.3,19.3
John King,693,27,97.5,101.7,102.2,28.4,0.307,27.5,24.9
Chris Flexen,2810,31,97.5,103.5,99,23.7,0.352,21.3,19.7
Andrew Wantz,477,21,97.4,100.8,100.4,30.2,0.413,39.1,18.4
Patrick Sandoval,1443,17,97.4,96.8,97.3,31,0.339,34.6,24.5
A.J. Alexy,424,5,97.4,91.2,91.8,22.9,0.392,31.9,12.9
Aaron Civale,1903,21,97.4,103.9,101.6,26,0.382,24.3,21.8
Tucker Davidson,303,4,97.4,97.5,93.7,27.4,0.428,25,22.5
Kyle Funkhouser,1186,57,97.4,97.7,96.5,26.3,0.331,27.5,19.1
Mike Baumann,185,4,97.3,93.3,95.2,20.5,0.511,21.4,12.5
Kyle Finnegan,1209,68,97.3,103.3,102.4,27.6,0.332,31.9,20.6
Chris Bassitt,2378,27,97.3,103.3,100.9,28,0.343,29,19.3
Isaac Mattson,91,4,97.3,82,94.7,23.1,0.375,30.8,21.1
Taylor Widener,1215,23,97.2,98.4,98.1,25.9,0.407,28.3,17.5
Zack Burdi,177,7,97.2,90.7,95.5,27.7,0.394,30.8,20.6
Brady Singer,2182,26,97.2,99.2,97.9,30.3,0.37,25.4,20.9
Nick Nelson,335,11,97.1,87.5,92.4,26.6,0.39,42.9,19.1
Eli Morgan,1414,18,97.1,104.7,100.8,26.6,0.413,23.9,21.6
Stephen Strasburg,362,5,97.1,95.2,96.5,28.7,0.392,22.8,17
Shane Greene,468,28,97.1,94.1,93.1,26.3,0.327,24.6,18
David Robertson,208,12,96.9,104.3,109.5,31.7,0.431,31.6,13.3
Kutter Crawford,57,1,96.9,105.2,104.5,29.8,0.671,62.5,29.4
Jakob Junis,625,16,96.9,99.8,99.5,29.9,0.45,23.5,19.7
Ronald Bolanos,106,3,96.9,95.9,100.6,33,0.23,53.8,29.7
Brad Boxberger,1023,69,96.7,97.9,97,31.5,0.363,44,17
T.J. Zeuch,286,5,96.7,99.1,91.6,22.7,0.496,21.6,16.8
Erick Fedde,2405,29,96.7,102.1,97.1,25.2,0.393,24.1,18.1
Blake Parker,712,47,96.7,98.7,97.7,27.5,0.35,25.6,21.4
Justin Steele,961,20,96.7,96.4,97.5,28.7,0.344,29.2,20.1
Shaun Anderson,436,16,96.7,94.2,96.8,25.9,0.347,30.1,22.7
NeftalI Feliz,67,5,96.6,98.2,89.3,22.4,0.474,12.5,28.3
Kohl Stewart,237,4,96.6,88.5,91.4,23.6,0.384,15.2,13.7
Matt Foster,729,37,96.6,100.1,98.3,25.2,0.43,32.6,17.5
Alex Cobb,1577,18,96.6,102,100.8,30,0.361,24.9,22.3
Michael Wacha,1972,29,96.6,104.2,102.8,25.5,0.438,27,23.3
Kyle Muller,676,9,96.6,92.7,94.1,29.1,0.329,32.1,19.5
Kyle Tyler,190,5,96.5,96.4,95.6,21.1,0.25,8.8,11.7
Max Fried,2554,28,96.5,101.2,101.9,27.8,0.34,24.4,21.2
Stephen Nogosek,48,1,96.5,106.7,107.6,37.5,0.575,44.4,20
Sean Guenther,360,14,96.5,97.7,96.2,23.6,0.345,16.9,22.2
Alex Wood,2165,26,96.5,101.7,98.6,32.4,0.367,29.4,22.5
Joel Payamps,824,37,96.3,102.4,102.4,25.6,0.292,33.1,21.2
Cody Reed,147,12,96.3,89,89.6,25.2,0.303,17.4,19.8
Justin Wilson,604,42,96.3,99.8,97.1,25.5,0.348,31.8,15.7
Jordan Yamamoto,110,2,96.3,93.7,92.2,23.6,0.344,13.6,20.7
Ranger Suarez,1612,39,96.3,101.9,99.2,28.3,0.287,29,20.8
Thomas Hatch,166,3,96.3,88,88.6,21.1,0.437,15.4,20.4
Hyun-Jin Ryu,2682,31,96.3,106.2,100.7,28.4,0.379,25.7,22.5
Mike Foltynewicz,2232,28,96.2,100.7,98.5,25.2,0.385,21.7,17
Brad Wieck,293,15,96.2,100.7,99.9,30.7,0.33,34.8,12.3
Marcos Diplan,512,23,96.2,98.4,100.2,26.2,0.334,35.4,15.9
Alberto Baldonado,215,14,96.2,94.1,93.3,25.1,0.439,34.3,17.6
Tony Santillan,760,26,96.1,93.7,94,30.4,0.362,29.8,22.4
Reid Detmers,379,5,96.1,95,96.8,26.9,0.396,32,20.5
Connor Seabold,43,1,96.1,96,91.2,20.9,0.419,25,16
Yusmeiro Petit,1076,78,96.1,102.3,96.9,24.6,0.342,28,24.3
Jake Reed,160,10,96.1,100.2,111.3,33.8,0.39,35.5,21.5
Wily Peralta,1554,19,96,96.7,96.9,23.7,0.338,22.4,20.1
Nick Margevicius,253,5,96,99.1,96.6,25.3,0.396,32.4,16.3
Josiah Gray,1209,14,96,96.8,99.1,28.5,0.382,30.3,24.5
Matt Strahm,136,6,96,106.5,105.5,25,0.359,29,25
Kyle Gibson,2880,31,96,98.9,98.1,27,0.334,18.8,20.6
Antonio Santos,176,7,95.9,98.5,95.9,25,0.317,20,13.9
Janson Junk,247,4,95.9,101.6,101.6,25.5,0.41,13.5,21.2
Anthony Banda,610,30,95.9,103.2,98.1,26.9,0.322,33,21.6
Edwin Uceta,359,14,95.9,98.9,101,29.8,0.385,30,19.9
Tyler Kinley,1137,70,95.9,96.5,99.2,26.5,0.346,31.7,22.5
Dan Winkler,786,47,95.8,91.5,95.5,22.1,0.327,42.9,21.1
Mauricio Llovera,145,6,95.8,98.4,94.7,27.6,0.421,18.2,18.1
Rafael Montero,868,44,95.8,105,99.6,24.9,0.309,28.4,21.5
Luke Farrell,468,20,95.8,98.2,97.5,28.4,0.433,24.6,24.3
Alex Colome,1101,67,95.7,95.9,95.5,27.5,0.373,23.2,24.2
Jose Suarez,1573,22,95.7,102.6,98.8,27.6,0.363,32.3,20.8
Nabil Crismatt,1313,44,95.7,98.4,98.6,28.3,0.349,23.1,24.6
Trent Thornton,908,37,95.6,99.5,98.5,26,0.42,33.1,20.4
Brad Peacock,95,2,95.6,82.3,93.6,20,0.413,12.5,15.6
Joan Adon,94,1,95.6,84.9,87.6,35.1,0.435,27.3,20
Jon Gray,2532,29,95.6,100.1,98.5,28.8,0.354,28.8,19.4
Matt Andriese,849,34,95.6,100,99.2,25.7,0.407,25.3,19.2
Travis Lakins Sr.,500,24,95.6,98.6,95.4,26.6,0.365,37.1,14.5
Spencer Howard,935,19,95.6,98.1,95.3,28.3,0.371,39.4,18
Brad Keller,2343,26,95.6,97.8,96.9,25.5,0.428,21.4,17.5
Tarik Skubal,2544,31,95.5,102.1,100.2,27.5,0.444,34.6,19.9
Sam Hentges,1260,30,95.5,94,93.6,24.9,0.41,19,21.5
Ty Tice,142,5,95.5,92.8,93.5,25.4,0.402,19,19.5
Conner Menez,247,8,95.5,101.8,94.9,26.3,0.36,29.2,17.1
Jhoulys Chacin,1065,46,95.4,98.7,97.7,25.2,0.336,22,18.1
Kohei Arihara,679,10,95.3,97.3,94.4,25.3,0.451,13.6,18.8
Peter Solomon,227,6,95.3,94.9,95,22,0.285,24.1,18.4
Evan Marshall,435,27,95.3,100.9,97.2,25.3,0.332,23.1,22.2
Tyler Anderson,2599,31,95.2,106.7,101.4,26.9,0.363,31.5,23.9
Marco Gonzales,2224,24,95.2,102.9,98,25.9,0.388,26.4,19.2
Sean Newcomb,669,32,95.2,93.4,94.8,25.1,0.362,40,17.7
Corey Oswalt,155,3,95.2,109,99.2,29.7,0.449,46.2,32.3
Garrett Richards,2323,40,95.1,98.2,97,25.4,0.392,22.5,18.8
Wil Crowe,2168,26,95.1,97.7,96.2,25.6,0.389,24.3,19.4
Luis Madero,213,6,95.1,93.5,92.1,23.5,0.366,17.5,12.5
Reiss Knehr,466,11,95.1,96.2,94.6,22.7,0.381,29.3,18
Trevor Richards,1050,52,95.1,98,97.3,29,0.4,36,21.9
Seranthony DomInguez,14,1,95,120.7,114.7,21.4,0.153,0,25
Edgar Garcia,281,11,95,94.6,94.4,27,0.393,15.6,19.3
Ashton Goudeau,563,16,95,100.5,95.5,22,0.294,17.7,19.2
Ian Gibaut,104,3,94.9,99.3,102.8,20.2,0.45,23.5,29.4
Wes Benjamin,458,13,94.9,100.9,98.6,24.5,0.377,35.8,14.9
Ross Detwiler,879,53,94.8,98.2,93.7,28.7,0.365,26.9,18.1
Kyle McGowin,516,27,94.8,98,99.9,29.1,0.325,32.9,22.4
Sean Poppen,405,24,94.7,98.4,95.8,32.6,0.427,17.9,21.3
Robert Gsellman,427,17,94.7,101.8,99.5,22.7,0.356,18.2,19.7
Jake McGee,871,62,94.6,106.8,103.4,25.4,0.334,29.4,21.3
Brett Anderson,1437,24,94.6,97.5,96.1,24.1,0.385,9.8,19.3
Ryan Hendrix,540,36,94.6,93.4,93.7,28.9,0.424,30.3,18.5
Wandy Peralta,777,55,94.6,100.3,95.1,28.4,0.338,29.7,29.6
Jake Jewell,215,10,94.5,105.7,101.5,28.4,0.422,35.3,25
Adonis Medina,137,4,94.5,90.8,93.8,27.7,0.291,30,20
Brody Koerner,52,2,94.5,79.4,78.8,17.3,0.312,11.1,5.6
Dellin Betances,21,1,94.5,62.8,72,19,0.239,0,14.3
Luis Oviedo,580,22,94.4,85.2,89.8,27.1,0.399,26.1,16.9
Adrian Morejon,80,2,94.4,104.5,110.2,30,0.405,47.1,20.4
Jason Adam,216,12,94.4,89.6,91.7,26.9,0.371,48,20.1
Justin Lawrence,324,19,94.4,89,93.2,27.2,0.352,18.8,14.2
Cody Ponce,712,15,94.3,103.4,99.2,28.4,0.404,23.4,23.4
Matt Manning,1421,18,94.3,101.1,98.1,24.2,0.376,21.1,18.1
Adrian Houser,2350,28,94.3,99.3,96.2,23.3,0.318,16.1,19.5
Kyle Hendricks,2771,32,94.3,106.5,99,27.6,0.375,22.1,23.9
Derek Holland,835,39,94.3,101.8,98.6,28.7,0.361,30.1,18.6
Hector Santiago,490,13,94.3,102.2,93.2,27.3,0.289,39.7,21.8
Andrew Chafin,944,71,94.3,102.5,99.1,28.2,0.313,23.8,24.7
Justin Topa,85,4,94.2,113.8,111.3,27.1,0.343,0,19
Jackson Kowar,631,9,94.2,91.3,89.5,25.5,0.442,22.2,15.3
Luke Weaver,1105,13,94.2,105.5,101.7,27.1,0.388,32,19.9
Cal Quantrill,2263,39,94.1,99.7,97.3,25.1,0.341,27.2,20.2
Carlos Carrasco,889,12,94.1,104,101,26.4,0.382,29.8,23
Fernando Abad,299,16,94.1,102.5,101,23.1,0.341,12.5,15.9
Justin Garza,503,21,94,95.1,97,26.4,0.456,33.3,16.7
Blake Taylor,747,51,94,93.2,96.8,24.9,0.309,28.3,18.3
Jefry Rodriguez,412,14,94,92.4,92.6,22.3,0.396,18.9,16
Zach Thompson,1192,26,94,100.2,99.1,27,0.324,26.2,23.8
Connor Overton,273,9,93.9,105.3,101.2,27.1,0.374,24.4,23.1
Jesse Biddle,186,8,93.9,86.1,87.3,25.8,0.321,20,16.8
Chase De Jong,775,9,93.9,98.1,94.8,25.7,0.439,22.5,18
Matt Shoemaker,1061,16,93.8,98.5,93.8,25.2,0.395,21.3,21.5
Will Harris,134,8,93.8,101,97.9,23.9,0.458,29.4,22.6
Codi Heuer,1049,65,93.7,99.8,99.4,27.4,0.341,27,26.3
Bailey Falter,551,22,93.7,103,100.4,28.3,0.362,29.9,17
John Gant,1971,39,93.7,95.4,95,25.6,0.358,24.5,17.1
Zack Greinke,2553,30,93.7,102.6,99.9,26.8,0.358,17.3,23.3
Darien Nunez,126,6,93.5,96.4,99.5,27.8,0.426,50,17.7
Aaron Sanchez,591,9,93.5,95,92.7,24.9,0.302,22.2,17.2
Nestor Cortes,1524,22,93.5,102.3,100.5,26.6,0.35,33.3,17.8
Jesus Luzardo,1705,25,93.5,93.5,92.3,27.3,0.402,28.1,21.8
Trevor Cahill,661,9,93.5,97.8,96.8,26.5,0.372,25.7,21.3
Nick Tropeano,120,5,93.4,90.4,91.2,22.5,0.326,8.3,23.4
Nick Wittgren,1015,60,93.4,102.5,97.5,28.7,0.44,32.1,18.7
Cory Abbott,352,7,93.4,91.2,92.7,20.2,0.399,27.1,14.7
Logan Allen,873,14,93.4,95.5,96.1,24.4,0.418,25.3,16.2
Tyler Ivey,79,1,93.4,103.4,91.1,29.1,0.461,10,25
Aaron Ashby,532,13,93.4,99,103.8,33.5,0.325,26.9,23.9
Jose Alvarado,1042,64,93.3,90.9,96,31.6,0.325,31.5,18.7
Buck Farmer,723,36,93.3,96.3,91.3,26.4,0.427,37.4,18.7
Zach Eflin,1615,18,93.3,107.6,103,28.3,0.366,23.2,21
Aaron Slegers,563,29,93.3,100.6,99.7,26.8,0.359,19.6,23.6
Cam Bedrosian,467,26,93.2,95.7,96.7,25.1,0.407,23.8,17.5
Brandon Bielak,835,28,93.1,99.4,96.2,27.5,0.337,22.9,20.4
Duane Underwood Jr.,1176,43,93.1,98.9,96,27.9,0.388,23.6,18.6
JC Mejia,982,17,93.1,95.5,94.1,25.1,0.411,22.5,16.5
A.J. Cole,114,6,93,105.2,102,25.4,0.376,39.1,23.1
Alex McRae,49,2,93,101,92.4,26.5,0.464,28.6,27.6
Daniel Ponce de Leon,652,24,93,94.8,91.5,22.4,0.34,28.3,18.4
Dallas Keuchel,2720,32,93,99.2,96.3,25.4,0.39,18.5,21.9
Jake Petricka,135,7,93,86.7,93.7,26.7,0.452,20,17.7
Alec Mills,1933,32,92.9,103.4,98.5,25.9,0.367,18.6,20.8
Nick Neidert,597,8,92.9,96,91.4,23.5,0.348,30.6,13.7
Kent Emanuel,240,10,92.9,99,97.1,28.8,0.303,19,16.4
Julio Teheran,87,1,92.9,108.8,100,21.8,0.612,25,14.6
Ross Stripling,1683,24,92.9,103.4,95.8,26.5,0.399,29.8,20.4
Miles Mikolas,708,9,92.9,108,103.5,26.8,0.353,16.3,19.9
Braxton Garrett,603,8,92.9,95.5,92,27,0.405,24.2,18.4
Dylan Bundy,1513,23,92.9,100.3,93.8,29.9,0.376,21.3,21.5
Hyeon-jong Yang,592,12,92.8,94.7,92,23.1,0.44,21.2,18.7
Phillips Valdez,681,28,92.8,90.2,95.3,26.6,0.341,27.9,16.7
Daniel Lynch,1256,15,92.8,97.8,97.8,25.1,0.411,22.4,20.4
Merrill Kelly,2422,27,92.7,104.6,99.3,26.2,0.374,19.2,20.3
Oliver Perez,56,5,92.6,108.3,103.1,33.9,0.3,10,36
Javy Guerra,148,6,92.6,97.7,95,19.6,0.542,18.5,11.9
Ian Krol,349,18,92.6,96.2,95.8,24.4,0.34,20,20.9
Ian Anderson,2168,24,92.6,98.8,95.7,27.1,0.367,32.2,21.3
Bryan Garcia,731,39,92.5,90.2,88.9,22,0.458,25.2,17.4
Erasmo Ramirez,392,17,92.4,107.4,101.7,25,0.332,22.9,16.8
Matt Moore,1253,24,92.4,94.7,92.2,24.8,0.368,26.9,18
Sal Romano,431,19,92.4,99.8,94.3,22.5,0.409,16.9,14.3
Kevin Plawecki,2,1,92.3,82.2,36.9,0,NA,NA,0
Miguel Aguilar,104,9,92.3,103.3,101.5,21.2,0.251,23.1,23.9
Kyle Cody,209,7,92.3,99.1,94.9,28.7,0.458,25.6,19.8
Jordan Lyles,2955,32,92.3,100.3,97.4,26.4,0.397,23.5,21.1
Brett Martin,916,66,92.3,105.5,99.9,27,0.321,20.5,23.7
Tyler Beede,28,1,92.2,76.3,82.3,25,0.425,50,22.7
Joe Ross,1691,20,92.1,104.2,99.1,30,0.374,29.3,20.8
Jovani Moran,161,5,92.1,89,91.7,26.1,0.316,45,27.2
Kevin Ginkel,532,31,92.1,92.2,92.1,25.9,0.402,24.7,20.2
Steven Brault,497,7,92.1,97.8,96,23.7,0.394,23.1,21.6
Andrew Albers,364,5,92.1,101,96.1,22.8,0.499,14.8,12.5
Justus Sheffield,1460,21,92.1,94.3,92.7,25.1,0.427,16.9,17.3
Bailey Ober,1476,20,92,105.2,98.8,28.4,0.407,23.5,21.5
Johnny Cueto,1843,22,92,103.3,98.4,24.4,0.386,28,19.6
Gregory Santos,53,3,92,91.4,82.9,28.3,0.728,25,16.1
Sam Selman,490,25,92,99.8,97.6,23.7,0.35,40.3,15.7
Tyler Alexander,1636,41,91.9,105.9,100.1,25,0.358,27.1,22
Cesar Valdez,757,39,91.9,96.9,96,30.4,0.41,26.1,26.4
Drew Anderson,352,9,91.9,103.5,100.8,26.7,0.307,16.4,15.9
John Brebbia,312,18,91.8,107.8,95.8,27.2,0.374,36.8,16.5
Andre Scrubb,354,18,91.8,90.3,96,29.4,0.454,21.6,16.3
Michael Feliz,370,21,91.8,102.8,101.6,30.3,0.463,30.3,22.5
Pedro Strop,44,2,91.8,102.7,100.7,34.1,0.378,50,14.3
Cole Irvin,2676,32,91.8,104.5,98.4,24.8,0.375,24.8,21.7
Chase Anderson,849,14,91.7,99.6,96.7,25.8,0.385,31.8,20.1
Jimmy Lambert,246,4,91.7,93.7,92.8,19.9,0.455,34.2,15.6
Jaime Barria,854,13,91.7,98.4,97.6,23.5,0.39,18.1,21.5
Jon Heasley,250,3,91.6,101.6,98.3,20,0.409,15.8,15.6
Craig Stammen,1308,67,91.6,106.1,99.9,28.8,0.345,16.3,23.7
Riley Smith,1069,24,91.6,106.1,97.5,24.8,0.372,17.2,15.7
Pedro Avila,84,1,91.5,95.7,90.2,23.8,0.524,15.4,13.3
Martin Perez,1856,36,91.5,101.5,95.3,26.5,0.402,22.4,18.1
Jake Faria,639,23,91.5,94.7,91,26.6,0.355,25.5,17.8
Eric Lauer,1881,23,91.5,101,95.6,26.4,0.357,33.4,17.6
Archie Bradley,919,53,91.4,101.6,98,23.1,0.316,24.1,17.4
Scott Kazmir,206,5,91.4,95.3,97.4,23.3,0.47,15.2,21.5
Bruce Zimmermann,1095,14,91.4,98,97.7,27.2,0.439,26.3,20.7
Dean Kremer,985,13,91.4,99.2,94,23.8,0.432,24.1,15.8
Matthew Boyd,1270,15,91.3,102.3,99.8,27.4,0.349,29.4,21.1
Jose Urena,1688,26,91.3,96.3,95.5,23.9,0.385,21.3,21.2
Mitch Keller,1857,23,91.3,98.6,94.6,24.4,0.397,20.2,16.8
Paul Campbell,466,16,91.2,98.4,96.2,26.6,0.409,31.2,17
Jon Lester,2375,28,91.2,98.8,94.1,23.4,0.361,22.5,20.3
Michael Pineda,1701,22,91.1,106.6,101.3,27.9,0.394,20.7,25
Austin Davis,472,29,91.1,95.9,94,26.9,0.382,29.7,19.5
JT Brubaker,1940,24,91.1,101,96.9,28.8,0.392,23.2,23.5
Ervin Santana,1063,38,91.1,97.3,93.8,26.6,0.42,18.9,23.6
Joey Lucchesi,644,11,91.1,98.5,94.3,27.6,0.353,31.1,14.8
James Kaprielian,2024,24,91.1,99.6,96.2,28.4,0.384,34.2,21
Asher Wojciechowski,83,1,91,97.6,95.2,24.1,0.308,20,14.8
Josh Tomlin,776,34,91,103.5,95.4,25.6,0.414,24.4,28.7
Yefry RamIrez,23,1,90.9,103.2,104.4,26.1,0.219,60,23.1
Mike Wright Jr.,325,13,90.9,91.5,90.3,21.8,0.354,14,16.6
Hans Crouse,131,2,90.9,93.1,85.2,20.6,0.246,21.1,23.5
Zac Lowther,571,10,90.8,96,93.6,28.7,0.467,28.6,18.8
Stefan Crichton,401,31,90.8,93.4,89.7,24.2,0.355,18.6,17.4
Tanner Anderson,64,1,90.8,113.5,106.1,23.4,0.291,7.7,20
Jake Arrieta,1740,24,90.8,96.7,93.4,25.5,0.41,17.8,16.3
Kolby Allard,2052,32,90.8,101.4,96.6,25.6,0.395,24.3,17.6
Brandyn Sittinger,80,5,90.7,97.7,97.6,18.8,0.577,23.1,21.7
Francisco Perez,122,4,90.7,94.5,89.2,26.2,0.234,26.3,17.6
Nick Vincent,182,7,90.7,99.6,94.9,23.6,0.249,26.7,24.8
Eduardo Rodriguez,2717,32,90.7,105.7,101,28.1,0.363,35.4,21.9
Jake Odorizzi,1838,24,90.7,102.1,96.7,23.8,0.375,27.9,19.6
Dane Dunning,1904,27,90.6,100.4,95.7,28.7,0.383,22.6,20.9
Shawn Morimando,199,4,90.6,97.5,94.9,24.6,0.356,15.8,16.8
Ljay Newsome,268,7,90.6,109.5,103.7,25.4,0.462,35,14.5
Ryan Weathers,1615,30,90.6,99.8,94.1,25,0.387,24.3,14.4
Richard Bleier,681,68,90.5,109.5,99.8,27.6,0.317,18.5,25.2
Matt Harvey,2229,28,90.4,102.2,98.1,24.2,0.39,19.4,19.7
Antonio Senzatela,2403,28,90.4,102.3,98.3,25,0.35,20,18
Felix Pena,65,2,90.4,82.2,89.7,26.2,0.485,56.2,16.7
Brandon Waddell,213,9,90.4,96.1,90.5,23.9,0.481,25,16.4
Alex Young,899,40,90.4,99,93.6,26.8,0.409,26.7,23.3
Roel RamIrez,14,1,90.3,67.3,73.3,21.4,0.62,0,12.5
Spenser Watkins,960,16,90.2,98.8,96.6,22.8,0.422,17.3,18.3
Scott Alexander,259,18,90.2,101.3,101.3,25.5,0.293,25,22.2
David Hale,461,17,90.1,98.4,93.7,21,0.413,28.9,17.5
David Peterson,1120,15,90.1,97,93.7,27.3,0.43,29,18.9
Anthony Kay,649,11,90.1,96.4,96.3,24.7,0.408,30.6,18.9
Justin Miller,295,23,90.1,101.3,98,23.4,0.442,19.2,21.8
Domingo Acevedo,174,10,90,102.1,100.1,25.3,0.339,36.4,24.5
Chi Chi Gonzalez,1626,24,90,100.8,96,23.7,0.409,20.1,16.6
Ryan Buchter,293,18,90,91.6,87.8,24.9,0.418,30.2,17.8
Riley O'Brien,42,1,90,80.8,80.8,26.2,0.896,33.3,25.8
Jesse Hahn,87,5,90,85.5,88.3,21.8,0.488,27.3,8.6
Will Vest,603,32,89.9,96.9,93.6,25,0.368,33.7,19.1
Humberto Castellanos,699,13,89.9,100.7,98.9,25.5,0.329,19,13.3
Geoff Hartlieb,213,7,89.9,88.4,90.6,24.9,0.304,35.5,10.4
Angel Zerpa,68,1,89.9,95.5,90.5,25,0.312,15.4,15.4
Adam Kolarek,190,12,89.9,94.9,95.8,25.8,0.332,8.8,15.2
Adam Plutko,1014,38,89.9,94.3,93.3,21.7,0.419,33.7,18.9
Jon Duplantier,216,4,89.8,94.6,92.9,25,0.396,23.1,16.8
Ralph Garza,485,27,89.8,98.9,98.3,27.4,0.363,26,20.3
Bryse Wilson,1075,15,89.8,103.3,97.5,24,0.391,20.2,22.3
Wade LeBlanc,792,18,89.6,99.3,93.3,26,0.379,22.8,21.2
Demarcus Evans,522,25,89.5,93.1,92.9,25.5,0.33,34.9,17.2
Adrian Sampson,554,10,89.5,96.7,92.9,22.4,0.371,24.2,19.1
Humberto Mejia,421,5,89.4,100.6,95.7,22.8,0.425,24.6,21
Miguel Del Pozo,80,5,89.3,93.9,90.9,30,0.368,27.8,18.2
Drew Carlton,73,4,89.3,93.1,86.1,15.1,0.392,21.4,13
R.J. Alaniz,70,3,89.3,95.3,90.8,27.1,0.54,33.3,13
Paul Blackburn,681,9,89.2,101,96.6,23.6,0.381,10.2,17.1
Josh Rogers,533,6,89.1,97.7,92.3,24.4,0.382,14.9,19.2
Cionel Perez,450,25,89.1,90.8,89.7,27.1,0.325,29.9,15.5
Zach Plesac,2204,25,89.1,102.6,96.4,26.4,0.361,25.5,22.5
Jonathan Stiever,15,1,89,89.8,89.4,20,0.724,25,11.1
Enyel De Los Santos,696,33,89,100.5,94.2,26.9,0.418,49.6,21.9
Gabe Speier,105,7,89,103.1,103.2,29.5,0.272,18.2,29.6
Jesus Tinoco,32,1,88.9,74.5,79.1,21.9,0.833,14.3,21.1
Chasen Shreve,932,57,88.8,102.2,97.7,24.9,0.306,24.6,22.5
Dillon Peters,443,6,88.8,99.5,94.4,27.3,0.355,31.6,16.7
Peter Lambert,123,2,88.8,104.2,100.8,24.4,0.379,28,16.7
Dakota Hudson,131,2,88.7,101.3,95.6,22.1,0.228,10,20.3
Tyler Gilbert,600,9,88.6,102.8,97.2,23,0.313,20.3,17.2
Anthony Swarzak,199,13,88.6,103.4,97,26.6,0.472,17.9,20.6
Jesse Chavez,481,29,88.6,106,100,29.3,0.342,22.7,17.2
Tommy Milone,239,6,88.5,101.4,90.2,28,0.44,25,24
Ryan Meisinger,148,7,88.4,94.1,86.5,25,0.262,25,22.9
Daniel Camarena,153,5,88.3,106.6,100.1,23.5,0.458,26.3,13
David Hess,367,15,88.2,95.3,92.3,23.4,0.489,29.3,17.9
Daulton Jefferies,220,5,88.2,101.7,94.6,23.2,0.31,18.4,19.8
Sam Moll,167,8,88.2,93.9,98.3,28.7,0.292,7.7,12.5
Mac Sceroler,198,5,88,89.1,85.3,26.3,0.53,33.3,21.5
Packy Naughton,383,7,88,100.7,94.5,24,0.333,25,23.5
Colin Rea,91,1,88,100.5,93.1,24.2,0.423,16.7,22.2
Sean Nolin,497,10,88,99.1,95.4,24.1,0.311,23.4,14.8
Patrick Corbin,2732,31,88,100,93.4,26.5,0.406,17.8,23.8
Mike Kickham,45,1,87.9,85.1,86.9,20,0.315,33.3,13
Austin Brice,273,13,87.8,91,88.6,24.9,0.335,31,14.3
David Price,1178,39,87.7,103.6,96.2,26.7,0.336,30,18.9
Kyle Wright,133,2,87.6,75.2,80.2,27.8,0.494,26.9,11.1
Jace Fry,136,6,87.5,87.4,85.8,21.3,0.323,30.8,19.6
Jake Woodford,1154,26,87.5,97.2,92.6,25,0.346,22.4,17
Trevor Williams,1531,23,87.5,105.1,98.1,26.8,0.375,28.2,21.1
Darin Ruf,21,1,87.4,103.7,71.7,14.3,0.462,0,10
Justin Turner,1,1,87.4,46.2,117.4,0,NA,NA,0
Andre Jackson,199,3,87.4,93.2,91.9,26.6,0.306,33.3,21.1
Alex Claudio,580,41,87.3,97.5,94.1,28.1,0.375,24.4,22.2
Jake Newberry,100,4,87.3,94.4,95.2,25,0.555,38.5,22.7
Jhon Romero,78,5,87.3,106.2,100.9,24.4,0.265,30,29.8
Ben Bowden,672,39,87.3,95.4,89.3,27.7,0.375,36.3,16.5
Thomas Szapucki,82,1,87.3,86.8,81.2,24.4,0.624,36.4,19.6
Carlos Martinez,1276,16,87.2,98.7,95.1,25.6,0.385,18.3,18.8
Ben Rowen,198,8,87.2,101.3,96.3,29.3,0.338,25,11.9
David Paulino,32,1,87,91.3,87,18.8,0.466,16.7,22.2
Jharel Cotton,541,23,86.9,98.8,88.4,26.6,0.276,38,21.4
Brett de Geus,905,47,86.9,96.6,92.3,24.3,0.379,16.1,17
Joe Ryan,412,5,86.9,104.6,97.3,29.6,0.356,38,19.4
Rony GarcIa,56,2,86.9,92.9,92.8,26.8,0.5,12.5,6.7
Travis Bergen,187,10,86.9,96.7,93.8,23,0.277,30,15.5
Robert Stock,168,3,86.8,90.1,84.8,28,0.436,28.6,15.2
Anthony Rizzo,4,1,86.8,73.6,88.7,25,NA,100,0
Deivi GarcIa,153,2,86.8,92.2,94.5,28.1,0.434,29.2,21.6
Drew Hutchison,339,9,86.7,97.6,92.1,21.5,0.366,18.6,19.3
Jordan Zimmermann,82,2,86.7,93.9,83.5,13.4,0.417,5.3,14.3
J.B. Bukauskas,285,21,86.7,102.8,98.2,27.7,0.395,14.8,24.3
Jerad Eickhoff,357,5,86.6,92.6,88,21.8,0.48,18.8,20.9
Thomas Eshelman,440,9,86.5,103,90.4,24.5,0.343,12.4,17.6
John Axford,22,1,86.5,99,93.2,18.2,0.303,0,12.5
Zach Davies,2575,32,86.5,99,93.4,25.9,0.41,21.3,19.5
Brandon Kintzler,510,29,86.4,101.8,96.3,25.3,0.425,15.2,15.7
Luis Avilan,107,4,86.3,80.7,82.6,18.7,0.378,21.1,11.3
Jose Quintana,1233,29,86.3,98.6,93.4,27.7,0.436,30.6,20.9
Daniel Castano,332,5,86.2,97.7,93.9,22.6,0.403,15.6,19
Tyler Webb,389,22,86.2,96.7,90.6,23.1,0.348,26.7,13.3
J.A. Happ,2674,30,86.1,100.1,93.3,22.9,0.402,23.2,19.3
Oliver Ortega,139,8,86.1,98.6,97.3,24.5,0.272,0,16.7
Adam Eaton,21,1,86.1,91.1,111.1,19,0.168,50,30.8
Kyle Freeland,1883,23,86,100.5,94.3,26.7,0.355,20.1,19.8
Luke Maile,8,1,85.8,94.8,81.2,12.5,0.033,0,40
Zack Godley,88,2,85.8,85.4,84.6,26.1,0.493,41.7,16.4
JoJo Romero,171,11,85.7,105.4,89.5,25.1,0.41,30,19.4
Alexander Wells,754,11,85.6,97.3,94.5,26.5,0.406,19.3,15.2
Kris Bubic,2190,29,85.4,97.5,92.7,27,0.386,26.2,18.7
Sam Clay,802,58,85.3,97.6,91,25.4,0.352,18,20
Alec Bettinger,199,4,85.3,95.7,89.6,19.6,0.381,15.8,14.4
Yennsy Diaz,447,20,85.2,98.9,94.1,25.3,0.34,29.1,14.8
Ryan Hartman,46,1,85.1,99.4,85.1,28.3,0.371,33.3,13.3
Dan Altavilla,22,2,85.1,121,118.9,31.8,0.682,0,9.1
Hoby Milner,393,19,85.1,108.3,95.1,31.8,0.535,20.7,23.6
Keury Mella,50,2,85.1,88.2,85.1,20,0.55,27.3,13.8
Darren McCaughan,147,2,85.1,92.5,84.9,25.2,0.279,9.1,14.1
Carl Edwards Jr.,110,7,84.9,85,90.9,25.5,0.4,22.7,20
AJ Ramos,62,4,84.8,95,94.4,27.4,0.1,36.4,23.1
Kyle Dohy,20,1,84.8,69.7,71.6,15,0.259,0,13.3
Brandon Workman,514,29,84.6,93.8,89.2,29,0.436,22.7,16.6
Nick Maton,4,1,84.5,93.4,113.2,75,NA,NA,75
Josh Osich,230,17,84.1,94.1,92.9,23.9,0.29,22.5,21.2
Nick Allgeyer,14,1,83.8,93,95.5,28.6,0.197,33.3,20
Jake Latz,84,1,83.7,105.1,92.8,26.2,0.37,15.4,21.6
Wyatt Mills,229,11,83.4,100.4,94.6,27.1,0.37,14.7,19.9
Nivaldo Rodriguez,114,4,83.3,87.3,84.2,19.3,0.503,16.7,12.3
Nick Ramirez,313,13,83,100.4,95.2,25.2,0.33,18.8,20.7
Seth Frankoff,259,4,83,91.1,85.3,19.7,0.361,13,18.1
Josh Lindblom,340,8,82.5,94.5,87.7,26.2,0.517,32.7,14.7
Robert Dugger,461,12,82.2,101.6,97.9,29.3,0.389,27.1,19.9
Scott Blewett,92,3,82.1,78.8,81.2,15.2,0.472,0,15.3
Charlie Barnes,655,9,81.9,96.6,90.8,23.2,0.368,14.2,17.9
Beau Burrows,266,6,81.9,94.9,84.3,19.9,0.521,29.7,15.1
Tanner Roark,131,3,81.5,95.3,95,22.9,0.487,22.2,18.3
Kevin Pillar,6,1,81.4,94.5,107.9,16.7,0.062,0,25
Sergio Alcantara,4,1,81.4,95.5,105,0,0.096,NA,50
Brent Honeywell Jr,77,3,81.2,95.9,89.1,20.8,0.547,28.6,12.5
Matt Peacock,1236,34,81.1,100.9,93,24.1,0.334,16.6,19.5
Dusten Knight,186,7,80.8,94.4,95.3,29.6,0.371,35.7,20.7
Zack Britton,326,21,80.7,87.9,91.2,23,0.255,22.2,20.8
Noah Syndergaard,26,2,80.7,110.1,102.4,26.9,0.503,0,23.1
Reymin Guduan,229,11,79.9,97.2,98.2,25.8,0.42,12.5,23.6
Sandy Leon,56,6,79.5,93.9,95.7,23.2,0.295,7.1,22.6
Shea Spitzbarth,82,5,79.2,93.8,90.1,17.1,0.336,6.7,9.3
Kyle Lobstein,34,3,79,87.4,76,20.6,0.471,33.3,10
Kevin Quackenbush,20,1,78.4,105,88.1,25,0.416,33.3,16.7
Konner Wade,248,7,77.7,104.8,96.3,27.4,0.414,29.4,16.1
Mike Fiers,152,2,77.3,92.8,91.2,21.7,0.433,14.3,10
Vinny Nittoli,26,1,77,72.3,79.5,19.2,0.785,40,9.5
Randy Dobnak,764,14,77,98.5,86.5,23.4,0.425,9.3,21.8
Kyle Ryan,215,13,76,101.2,82.3,25.6,0.37,15.4,16.5
Javy Guerra,66,4,76,88.4,86.3,13.6,0.332,25,18.9
Mickey Jannis,14,1,76,74.5,88.5,21.4,0.423,0,12.5
Blaine Hardy,31,1,75.9,98.4,86.9,12.9,0.281,33.3,13.6
Asdrubal Cabrera,1,1,73.9,43.4,62.2,0,NA,NA,0
Brandon Drury,27,1,73.2,73.4,78.5,22.2,0.641,33.3,27.3
Pedro Baez,59,4,72.6,89.2,95.7,23.7,0.427,45.5,21.2
Aaron Northcraft,129,5,72.2,87.5,91.4,23.3,0.438,25,21.2
Eric Yardley,310,17,71.5,89.2,82.2,22.3,0.326,8.3,18.7
Ryan Weber,160,4,71,95.4,83.3,30.6,0.533,23.3,19.8
Jimmy Herget,282,18,70.1,93.9,91,33.3,0.359,26.5,24.9
Brandon Brennan,42,1,69.1,102.6,93.8,23.8,0.275,25,25.9
Max Schrock,8,1,67.9,101,117.2,25,0.505,0,25
Ryan Castellani,65,1,67,81.4,81,20,0.568,0,15
Aaron Fletcher,86,4,66.3,104.9,85.8,31.4,0.37,30,18.4
Bernardo Flores Jr.,12,1,66,43.5,50.8,8.3,0.513,0,0
Ka'ai Tom,1,1,65.8,47.9,65.8,0,NA,NA,0
Trevor Hildenberger,58,2,63.7,75.9,81.8,25.9,0.496,0,19.5
Jay Flaa,61,2,61.1,79.9,78.9,27.9,0.516,42.9,26.8
Jake Rogers,17,1,58.5,104.6,81.4,23.5,0.492,20,14.3
Jordan Luplow,18,1,54.2,57,81.7,11.1,0.368,0,8.3
Matt Carpenter,21,1,52.8,87.3,92.3,28.6,0.616,0,16.7
YermIn Mercedes,2,1,41.9,48.6,62.6,0,NA,NA,0
Andy Burns,17,1,39.1,98.5,54.2,23.5,0.869,33.3,16.7
Eric Sogard,48,4,36.4,87.7,81.3,18.8,0.327,0,20
Jace Peterson,40,2,28.4,68.1,99.6,25,0.394,0,24.1
Alex Blandino,1,1,27.7,118.6,108.7,0,NA,NA,0
Robel GarcIa,7,1,19.5,97.4,59.5,0,0.434,NA,33.3
Wilmer Difo,1,1,-5.2,49.9,64.7,0,NA,NA,0
Andrew Romine,15,1,-20.8,102.8,60.4,40,0.579,33.3,33.3
Francisco MejIa,28,2,-29.1,60.5,15.1,21.4,0.427,0,36.8
Bryan Holaday,2,1,-48.4,-97,-15.4,0,0.289,0,0
Wyatt Mathisen,2,1,-72.5,109.1,57.6,0,0.273,0,0
John Nogowski,10,3,-104.3,95.3,26.6,40,0.38,0,50
Austin Wynns,9,1,-242.2,77.4,71,22.2,0.706,0,20